Date,Year,Month Number,Month Name,Month Short,Quarter,Day of Week Number,Day of Week Name,Day of Week Short,Day of Month,Week Number,Year Month Number,Year Month,Date Key
40725,2011,7,July,Jul,Q3,5,Friday,Fri,1,27,201107,2011 Jul,20110701
40726,2011,7,July,Jul,Q3,6,Saturday,Sat,2,27,201107,2011 Jul,20110702
40727,2011,7,July,Jul,Q3,7,Sunday,Sun,3,27,201107,2011 Jul,20110703
40728,2011,7,July,Jul,Q3,1,Monday,Mon,4,28,201107,2011 Jul,20110704
40729,2011,7,July,Jul,Q3,2,Tuesday,Tue,5,28,201107,2011 Jul,20110705
40730,2011,7,July,Jul,Q3,3,Wednesday,Wed,6,28,201107,2011 Jul,20110706
40731,2011,7,July,Jul,Q3,4,Thursday,Thu,7,28,201107,2011 Jul,20110707
40732,2011,7,July,Jul,Q3,5,Friday,Fri,8,28,201107,2011 Jul,20110708
40733,2011,7,July,Jul,Q3,6,Saturday,Sat,9,28,201107,2011 Jul,20110709
40734,2011,7,July,Jul,Q3,7,Sunday,Sun,10,28,201107,2011 Jul,20110710
40735,2011,7,July,Jul,Q3,1,Monday,Mon,11,29,201107,2011 Jul,20110711
40736,2011,7,July,Jul,Q3,2,Tuesday,Tue,12,29,201107,2011 Jul,20110712
40737,2011,7,July,Jul,Q3,3,Wednesday,Wed,13,29,201107,2011 Jul,20110713
40738,2011,7,July,Jul,Q3,4,Thursday,Thu,14,29,201107,2011 Jul,20110714
40739,2011,7,July,Jul,Q3,5,Friday,Fri,15,29,201107,2011 Jul,20110715
40740,2011,7,July,Jul,Q3,6,Saturday,Sat,16,29,201107,2011 Jul,20110716
40741,2011,7,July,Jul,Q3,7,Sunday,Sun,17,29,201107,2011 Jul,20110717
40742,2011,7,July,Jul,Q3,1,Monday,Mon,18,30,201107,2011 Jul,20110718
40743,2011,7,July,Jul,Q3,2,Tuesday,Tue,19,30,201107,2011 Jul,20110719
40744,2011,7,July,Jul,Q3,3,Wednesday,Wed,20,30,201107,2011 Jul,20110720
40745,2011,7,July,Jul,Q3,4,Thursday,Thu,21,30,201107,2011 Jul,20110721
40746,2011,7,July,Jul,Q3,5,Friday,Fri,22,30,201107,2011 Jul,20110722
40747,2011,7,July,Jul,Q3,6,Saturday,Sat,23,30,201107,2011 Jul,20110723
40748,2011,7,July,Jul,Q3,7,Sunday,Sun,24,30,201107,2011 Jul,20110724
40749,2011,7,July,Jul,Q3,1,Monday,Mon,25,31,201107,2011 Jul,20110725
40750,2011,7,July,Jul,Q3,2,Tuesday,Tue,26,31,201107,2011 Jul,20110726
40751,2011,7,July,Jul,Q3,3,Wednesday,Wed,27,31,201107,2011 Jul,20110727
40752,2011,7,July,Jul,Q3,4,Thursday,Thu,28,31,201107,2011 Jul,20110728
40753,2011,7,July,Jul,Q3,5,Friday,Fri,29,31,201107,2011 Jul,20110729
40754,2011,7,July,Jul,Q3,6,Saturday,Sat,30,31,201107,2011 Jul,20110730
40755,2011,7,July,Jul,Q3,7,Sunday,Sun,31,31,201107,2011 Jul,20110731
40756,2011,8,August,Aug,Q3,1,Monday,Mon,1,32,201108,2011 Aug,20110801
40757,2011,8,August,Aug,Q3,2,Tuesday,Tue,2,32,201108,2011 Aug,20110802
40758,2011,8,August,Aug,Q3,3,Wednesday,Wed,3,32,201108,2011 Aug,20110803
40759,2011,8,August,Aug,Q3,4,Thursday,Thu,4,32,201108,2011 Aug,20110804
40760,2011,8,August,Aug,Q3,5,Friday,Fri,5,32,201108,2011 Aug,20110805
40761,2011,8,August,Aug,Q3,6,Saturday,Sat,6,32,201108,2011 Aug,20110806
40762,2011,8,August,Aug,Q3,7,Sunday,Sun,7,32,201108,2011 Aug,20110807
40763,2011,8,August,Aug,Q3,1,Monday,Mon,8,33,201108,2011 Aug,20110808
40764,2011,8,August,Aug,Q3,2,Tuesday,Tue,9,33,201108,2011 Aug,20110809
40765,2011,8,August,Aug,Q3,3,Wednesday,Wed,10,33,201108,2011 Aug,20110810
40766,2011,8,August,Aug,Q3,4,Thursday,Thu,11,33,201108,2011 Aug,20110811
40767,2011,8,August,Aug,Q3,5,Friday,Fri,12,33,201108,2011 Aug,20110812
40768,2011,8,August,Aug,Q3,6,Saturday,Sat,13,33,201108,2011 Aug,20110813
40769,2011,8,August,Aug,Q3,7,Sunday,Sun,14,33,201108,2011 Aug,20110814
40770,2011,8,August,Aug,Q3,1,Monday,Mon,15,34,201108,2011 Aug,20110815
40771,2011,8,August,Aug,Q3,2,Tuesday,Tue,16,34,201108,2011 Aug,20110816
40772,2011,8,August,Aug,Q3,3,Wednesday,Wed,17,34,201108,2011 Aug,20110817
40773,2011,8,August,Aug,Q3,4,Thursday,Thu,18,34,201108,2011 Aug,20110818
40774,2011,8,August,Aug,Q3,5,Friday,Fri,19,34,201108,2011 Aug,20110819
40775,2011,8,August,Aug,Q3,6,Saturday,Sat,20,34,201108,2011 Aug,20110820
40776,2011,8,August,Aug,Q3,7,Sunday,Sun,21,34,201108,2011 Aug,20110821
40777,2011,8,August,Aug,Q3,1,Monday,Mon,22,35,201108,2011 Aug,20110822
40778,2011,8,August,Aug,Q3,2,Tuesday,Tue,23,35,201108,2011 Aug,20110823
40779,2011,8,August,Aug,Q3,3,Wednesday,Wed,24,35,201108,2011 Aug,20110824
40780,2011,8,August,Aug,Q3,4,Thursday,Thu,25,35,201108,2011 Aug,20110825
40781,2011,8,August,Aug,Q3,5,Friday,Fri,26,35,201108,2011 Aug,20110826
40782,2011,8,August,Aug,Q3,6,Saturday,Sat,27,35,201108,2011 Aug,20110827
40783,2011,8,August,Aug,Q3,7,Sunday,Sun,28,35,201108,2011 Aug,20110828
40784,2011,8,August,Aug,Q3,1,Monday,Mon,29,36,201108,2011 Aug,20110829
40785,2011,8,August,Aug,Q3,2,Tuesday,Tue,30,36,201108,2011 Aug,20110830
40786,2011,8,August,Aug,Q3,3,Wednesday,Wed,31,36,201108,2011 Aug,20110831
40787,2011,9,September,Sep,Q3,4,Thursday,Thu,1,36,201109,2011 Sep,20110901
40788,2011,9,September,Sep,Q3,5,Friday,Fri,2,36,201109,2011 Sep,20110902
40789,2011,9,September,Sep,Q3,6,Saturday,Sat,3,36,201109,2011 Sep,20110903
40790,2011,9,September,Sep,Q3,7,Sunday,Sun,4,36,201109,2011 Sep,20110904
40791,2011,9,September,Sep,Q3,1,Monday,Mon,5,37,201109,2011 Sep,20110905
40792,2011,9,September,Sep,Q3,2,Tuesday,Tue,6,37,201109,2011 Sep,20110906
40793,2011,9,September,Sep,Q3,3,Wednesday,Wed,7,37,201109,2011 Sep,20110907
40794,2011,9,September,Sep,Q3,4,Thursday,Thu,8,37,201109,2011 Sep,20110908
40795,2011,9,September,Sep,Q3,5,Friday,Fri,9,37,201109,2011 Sep,20110909
40796,2011,9,September,Sep,Q3,6,Saturday,Sat,10,37,201109,2011 Sep,20110910
40797,2011,9,September,Sep,Q3,7,Sunday,Sun,11,37,201109,2011 Sep,20110911
40798,2011,9,September,Sep,Q3,1,Monday,Mon,12,38,201109,2011 Sep,20110912
40799,2011,9,September,Sep,Q3,2,Tuesday,Tue,13,38,201109,2011 Sep,20110913
40800,2011,9,September,Sep,Q3,3,Wednesday,Wed,14,38,201109,2011 Sep,20110914
40801,2011,9,September,Sep,Q3,4,Thursday,Thu,15,38,201109,2011 Sep,20110915
40802,2011,9,September,Sep,Q3,5,Friday,Fri,16,38,201109,2011 Sep,20110916
40803,2011,9,September,Sep,Q3,6,Saturday,Sat,17,38,201109,2011 Sep,20110917
40804,2011,9,September,Sep,Q3,7,Sunday,Sun,18,38,201109,2011 Sep,20110918
40805,2011,9,September,Sep,Q3,1,Monday,Mon,19,39,201109,2011 Sep,20110919
40806,2011,9,September,Sep,Q3,2,Tuesday,Tue,20,39,201109,2011 Sep,20110920
40807,2011,9,September,Sep,Q3,3,Wednesday,Wed,21,39,201109,2011 Sep,20110921
40808,2011,9,September,Sep,Q3,4,Thursday,Thu,22,39,201109,2011 Sep,20110922
40809,2011,9,September,Sep,Q3,5,Friday,Fri,23,39,201109,2011 Sep,20110923
40810,2011,9,September,Sep,Q3,6,Saturday,Sat,24,39,201109,2011 Sep,20110924
40811,2011,9,September,Sep,Q3,7,Sunday,Sun,25,39,201109,2011 Sep,20110925
40812,2011,9,September,Sep,Q3,1,Monday,Mon,26,40,201109,2011 Sep,20110926
40813,2011,9,September,Sep,Q3,2,Tuesday,Tue,27,40,201109,2011 Sep,20110927
40814,2011,9,September,Sep,Q3,3,Wednesday,Wed,28,40,201109,2011 Sep,20110928
40815,2011,9,September,Sep,Q3,4,Thursday,Thu,29,40,201109,2011 Sep,20110929
40816,2011,9,September,Sep,Q3,5,Friday,Fri,30,40,201109,2011 Sep,20110930
40634,2011,4,April,Apr,Q2,5,Friday,Fri,1,14,201104,2011 Apr,20110401
40635,2011,4,April,Apr,Q2,6,Saturday,Sat,2,14,201104,2011 Apr,20110402
40636,2011,4,April,Apr,Q2,7,Sunday,Sun,3,14,201104,2011 Apr,20110403
40637,2011,4,April,Apr,Q2,1,Monday,Mon,4,15,201104,2011 Apr,20110404
40638,2011,4,April,Apr,Q2,2,Tuesday,Tue,5,15,201104,2011 Apr,20110405
40639,2011,4,April,Apr,Q2,3,Wednesday,Wed,6,15,201104,2011 Apr,20110406
40640,2011,4,April,Apr,Q2,4,Thursday,Thu,7,15,201104,2011 Apr,20110407
40641,2011,4,April,Apr,Q2,5,Friday,Fri,8,15,201104,2011 Apr,20110408
40642,2011,4,April,Apr,Q2,6,Saturday,Sat,9,15,201104,2011 Apr,20110409
40643,2011,4,April,Apr,Q2,7,Sunday,Sun,10,15,201104,2011 Apr,20110410
40644,2011,4,April,Apr,Q2,1,Monday,Mon,11,16,201104,2011 Apr,20110411
40645,2011,4,April,Apr,Q2,2,Tuesday,Tue,12,16,201104,2011 Apr,20110412
40646,2011,4,April,Apr,Q2,3,Wednesday,Wed,13,16,201104,2011 Apr,20110413
40647,2011,4,April,Apr,Q2,4,Thursday,Thu,14,16,201104,2011 Apr,20110414
40648,2011,4,April,Apr,Q2,5,Friday,Fri,15,16,201104,2011 Apr,20110415
40649,2011,4,April,Apr,Q2,6,Saturday,Sat,16,16,201104,2011 Apr,20110416
40650,2011,4,April,Apr,Q2,7,Sunday,Sun,17,16,201104,2011 Apr,20110417
40651,2011,4,April,Apr,Q2,1,Monday,Mon,18,17,201104,2011 Apr,20110418
40652,2011,4,April,Apr,Q2,2,Tuesday,Tue,19,17,201104,2011 Apr,20110419
40653,2011,4,April,Apr,Q2,3,Wednesday,Wed,20,17,201104,2011 Apr,20110420
40654,2011,4,April,Apr,Q2,4,Thursday,Thu,21,17,201104,2011 Apr,20110421
40655,2011,4,April,Apr,Q2,5,Friday,Fri,22,17,201104,2011 Apr,20110422
40656,2011,4,April,Apr,Q2,6,Saturday,Sat,23,17,201104,2011 Apr,20110423
40657,2011,4,April,Apr,Q2,7,Sunday,Sun,24,17,201104,2011 Apr,20110424
40658,2011,4,April,Apr,Q2,1,Monday,Mon,25,18,201104,2011 Apr,20110425
40659,2011,4,April,Apr,Q2,2,Tuesday,Tue,26,18,201104,2011 Apr,20110426
40660,2011,4,April,Apr,Q2,3,Wednesday,Wed,27,18,201104,2011 Apr,20110427
40661,2011,4,April,Apr,Q2,4,Thursday,Thu,28,18,201104,2011 Apr,20110428
40662,2011,4,April,Apr,Q2,5,Friday,Fri,29,18,201104,2011 Apr,20110429
40663,2011,4,April,Apr,Q2,6,Saturday,Sat,30,18,201104,2011 Apr,20110430
40664,2011,5,May,May,Q2,7,Sunday,Sun,1,18,201105,2011 May,20110501
40665,2011,5,May,May,Q2,1,Monday,Mon,2,19,201105,2011 May,20110502
40666,2011,5,May,May,Q2,2,Tuesday,Tue,3,19,201105,2011 May,20110503
40667,2011,5,May,May,Q2,3,Wednesday,Wed,4,19,201105,2011 May,20110504
40668,2011,5,May,May,Q2,4,Thursday,Thu,5,19,201105,2011 May,20110505
40669,2011,5,May,May,Q2,5,Friday,Fri,6,19,201105,2011 May,20110506
40670,2011,5,May,May,Q2,6,Saturday,Sat,7,19,201105,2011 May,20110507
40671,2011,5,May,May,Q2,7,Sunday,Sun,8,19,201105,2011 May,20110508
40672,2011,5,May,May,Q2,1,Monday,Mon,9,20,201105,2011 May,20110509
40673,2011,5,May,May,Q2,2,Tuesday,Tue,10,20,201105,2011 May,20110510
40674,2011,5,May,May,Q2,3,Wednesday,Wed,11,20,201105,2011 May,20110511
40675,2011,5,May,May,Q2,4,Thursday,Thu,12,20,201105,2011 May,20110512
40676,2011,5,May,May,Q2,5,Friday,Fri,13,20,201105,2011 May,20110513
40677,2011,5,May,May,Q2,6,Saturday,Sat,14,20,201105,2011 May,20110514
40678,2011,5,May,May,Q2,7,Sunday,Sun,15,20,201105,2011 May,20110515
40679,2011,5,May,May,Q2,1,Monday,Mon,16,21,201105,2011 May,20110516
40680,2011,5,May,May,Q2,2,Tuesday,Tue,17,21,201105,2011 May,20110517
40681,2011,5,May,May,Q2,3,Wednesday,Wed,18,21,201105,2011 May,20110518
40682,2011,5,May,May,Q2,4,Thursday,Thu,19,21,201105,2011 May,20110519
40683,2011,5,May,May,Q2,5,Friday,Fri,20,21,201105,2011 May,20110520
40684,2011,5,May,May,Q2,6,Saturday,Sat,21,21,201105,2011 May,20110521
40685,2011,5,May,May,Q2,7,Sunday,Sun,22,21,201105,2011 May,20110522
40686,2011,5,May,May,Q2,1,Monday,Mon,23,22,201105,2011 May,20110523
40687,2011,5,May,May,Q2,2,Tuesday,Tue,24,22,201105,2011 May,20110524
40688,2011,5,May,May,Q2,3,Wednesday,Wed,25,22,201105,2011 May,20110525
40689,2011,5,May,May,Q2,4,Thursday,Thu,26,22,201105,2011 May,20110526
40690,2011,5,May,May,Q2,5,Friday,Fri,27,22,201105,2011 May,20110527
40691,2011,5,May,May,Q2,6,Saturday,Sat,28,22,201105,2011 May,20110528
40692,2011,5,May,May,Q2,7,Sunday,Sun,29,22,201105,2011 May,20110529
40693,2011,5,May,May,Q2,1,Monday,Mon,30,23,201105,2011 May,20110530
40694,2011,5,May,May,Q2,2,Tuesday,Tue,31,23,201105,2011 May,20110531
40695,2011,6,June,Jun,Q2,3,Wednesday,Wed,1,23,201106,2011 Jun,20110601
40696,2011,6,June,Jun,Q2,4,Thursday,Thu,2,23,201106,2011 Jun,20110602
40697,2011,6,June,Jun,Q2,5,Friday,Fri,3,23,201106,2011 Jun,20110603
40698,2011,6,June,Jun,Q2,6,Saturday,Sat,4,23,201106,2011 Jun,20110604
40699,2011,6,June,Jun,Q2,7,Sunday,Sun,5,23,201106,2011 Jun,20110605
40700,2011,6,June,Jun,Q2,1,Monday,Mon,6,24,201106,2011 Jun,20110606
40701,2011,6,June,Jun,Q2,2,Tuesday,Tue,7,24,201106,2011 Jun,20110607
40702,2011,6,June,Jun,Q2,3,Wednesday,Wed,8,24,201106,2011 Jun,20110608
40703,2011,6,June,Jun,Q2,4,Thursday,Thu,9,24,201106,2011 Jun,20110609
40704,2011,6,June,Jun,Q2,5,Friday,Fri,10,24,201106,2011 Jun,20110610
40705,2011,6,June,Jun,Q2,6,Saturday,Sat,11,24,201106,2011 Jun,20110611
40706,2011,6,June,Jun,Q2,7,Sunday,Sun,12,24,201106,2011 Jun,20110612
40707,2011,6,June,Jun,Q2,1,Monday,Mon,13,25,201106,2011 Jun,20110613
40708,2011,6,June,Jun,Q2,2,Tuesday,Tue,14,25,201106,2011 Jun,20110614
40709,2011,6,June,Jun,Q2,3,Wednesday,Wed,15,25,201106,2011 Jun,20110615
40710,2011,6,June,Jun,Q2,4,Thursday,Thu,16,25,201106,2011 Jun,20110616
40711,2011,6,June,Jun,Q2,5,Friday,Fri,17,25,201106,2011 Jun,20110617
40712,2011,6,June,Jun,Q2,6,Saturday,Sat,18,25,201106,2011 Jun,20110618
40713,2011,6,June,Jun,Q2,7,Sunday,Sun,19,25,201106,2011 Jun,20110619
40714,2011,6,June,Jun,Q2,1,Monday,Mon,20,26,201106,2011 Jun,20110620
40715,2011,6,June,Jun,Q2,2,Tuesday,Tue,21,26,201106,2011 Jun,20110621
40716,2011,6,June,Jun,Q2,3,Wednesday,Wed,22,26,201106,2011 Jun,20110622
40717,2011,6,June,Jun,Q2,4,Thursday,Thu,23,26,201106,2011 Jun,20110623
40718,2011,6,June,Jun,Q2,5,Friday,Fri,24,26,201106,2011 Jun,20110624
40719,2011,6,June,Jun,Q2,6,Saturday,Sat,25,26,201106,2011 Jun,20110625
40720,2011,6,June,Jun,Q2,7,Sunday,Sun,26,26,201106,2011 Jun,20110626
40721,2011,6,June,Jun,Q2,1,Monday,Mon,27,27,201106,2011 Jun,20110627
40722,2011,6,June,Jun,Q2,2,Tuesday,Tue,28,27,201106,2011 Jun,20110628
40723,2011,6,June,Jun,Q2,3,Wednesday,Wed,29,27,201106,2011 Jun,20110629
40724,2011,6,June,Jun,Q2,4,Thursday,Thu,30,27,201106,2011 Jun,20110630
40544,2011,1,January,Jan,Q1,6,Saturday,Sat,1,1,201101,2011 Jan,20110101
40545,2011,1,January,Jan,Q1,7,Sunday,Sun,2,1,201101,2011 Jan,20110102
40546,2011,1,January,Jan,Q1,1,Monday,Mon,3,2,201101,2011 Jan,20110103
40547,2011,1,January,Jan,Q1,2,Tuesday,Tue,4,2,201101,2011 Jan,20110104
40548,2011,1,January,Jan,Q1,3,Wednesday,Wed,5,2,201101,2011 Jan,20110105
40549,2011,1,January,Jan,Q1,4,Thursday,Thu,6,2,201101,2011 Jan,20110106
40550,2011,1,January,Jan,Q1,5,Friday,Fri,7,2,201101,2011 Jan,20110107
40551,2011,1,January,Jan,Q1,6,Saturday,Sat,8,2,201101,2011 Jan,20110108
40552,2011,1,January,Jan,Q1,7,Sunday,Sun,9,2,201101,2011 Jan,20110109
40553,2011,1,January,Jan,Q1,1,Monday,Mon,10,3,201101,2011 Jan,20110110
40554,2011,1,January,Jan,Q1,2,Tuesday,Tue,11,3,201101,2011 Jan,20110111
40555,2011,1,January,Jan,Q1,3,Wednesday,Wed,12,3,201101,2011 Jan,20110112
40556,2011,1,January,Jan,Q1,4,Thursday,Thu,13,3,201101,2011 Jan,20110113
40557,2011,1,January,Jan,Q1,5,Friday,Fri,14,3,201101,2011 Jan,20110114
40558,2011,1,January,Jan,Q1,6,Saturday,Sat,15,3,201101,2011 Jan,20110115
40559,2011,1,January,Jan,Q1,7,Sunday,Sun,16,3,201101,2011 Jan,20110116
40560,2011,1,January,Jan,Q1,1,Monday,Mon,17,4,201101,2011 Jan,20110117
40561,2011,1,January,Jan,Q1,2,Tuesday,Tue,18,4,201101,2011 Jan,20110118
40562,2011,1,January,Jan,Q1,3,Wednesday,Wed,19,4,201101,2011 Jan,20110119
40563,2011,1,January,Jan,Q1,4,Thursday,Thu,20,4,201101,2011 Jan,20110120
40564,2011,1,January,Jan,Q1,5,Friday,Fri,21,4,201101,2011 Jan,20110121
40565,2011,1,January,Jan,Q1,6,Saturday,Sat,22,4,201101,2011 Jan,20110122
40566,2011,1,January,Jan,Q1,7,Sunday,Sun,23,4,201101,2011 Jan,20110123
40567,2011,1,January,Jan,Q1,1,Monday,Mon,24,5,201101,2011 Jan,20110124
40568,2011,1,January,Jan,Q1,2,Tuesday,Tue,25,5,201101,2011 Jan,20110125
40569,2011,1,January,Jan,Q1,3,Wednesday,Wed,26,5,201101,2011 Jan,20110126
40570,2011,1,January,Jan,Q1,4,Thursday,Thu,27,5,201101,2011 Jan,20110127
40571,2011,1,January,Jan,Q1,5,Friday,Fri,28,5,201101,2011 Jan,20110128
40572,2011,1,January,Jan,Q1,6,Saturday,Sat,29,5,201101,2011 Jan,20110129
40573,2011,1,January,Jan,Q1,7,Sunday,Sun,30,5,201101,2011 Jan,20110130
40574,2011,1,January,Jan,Q1,1,Monday,Mon,31,6,201101,2011 Jan,20110131
40575,2011,2,February,Feb,Q1,2,Tuesday,Tue,1,6,201102,2011 Feb,20110201
40576,2011,2,February,Feb,Q1,3,Wednesday,Wed,2,6,201102,2011 Feb,20110202
40577,2011,2,February,Feb,Q1,4,Thursday,Thu,3,6,201102,2011 Feb,20110203
40578,2011,2,February,Feb,Q1,5,Friday,Fri,4,6,201102,2011 Feb,20110204
40579,2011,2,February,Feb,Q1,6,Saturday,Sat,5,6,201102,2011 Feb,20110205
40580,2011,2,February,Feb,Q1,7,Sunday,Sun,6,6,201102,2011 Feb,20110206
40581,2011,2,February,Feb,Q1,1,Monday,Mon,7,7,201102,2011 Feb,20110207
40582,2011,2,February,Feb,Q1,2,Tuesday,Tue,8,7,201102,2011 Feb,20110208
40583,2011,2,February,Feb,Q1,3,Wednesday,Wed,9,7,201102,2011 Feb,20110209
40584,2011,2,February,Feb,Q1,4,Thursday,Thu,10,7,201102,2011 Feb,20110210
40585,2011,2,February,Feb,Q1,5,Friday,Fri,11,7,201102,2011 Feb,20110211
40586,2011,2,February,Feb,Q1,6,Saturday,Sat,12,7,201102,2011 Feb,20110212
40587,2011,2,February,Feb,Q1,7,Sunday,Sun,13,7,201102,2011 Feb,20110213
40588,2011,2,February,Feb,Q1,1,Monday,Mon,14,8,201102,2011 Feb,20110214
40589,2011,2,February,Feb,Q1,2,Tuesday,Tue,15,8,201102,2011 Feb,20110215
40590,2011,2,February,Feb,Q1,3,Wednesday,Wed,16,8,201102,2011 Feb,20110216
40591,2011,2,February,Feb,Q1,4,Thursday,Thu,17,8,201102,2011 Feb,20110217
40592,2011,2,February,Feb,Q1,5,Friday,Fri,18,8,201102,2011 Feb,20110218
40593,2011,2,February,Feb,Q1,6,Saturday,Sat,19,8,201102,2011 Feb,20110219
40594,2011,2,February,Feb,Q1,7,Sunday,Sun,20,8,201102,2011 Feb,20110220
40595,2011,2,February,Feb,Q1,1,Monday,Mon,21,9,201102,2011 Feb,20110221
40596,2011,2,February,Feb,Q1,2,Tuesday,Tue,22,9,201102,2011 Feb,20110222
40597,2011,2,February,Feb,Q1,3,Wednesday,Wed,23,9,201102,2011 Feb,20110223
40598,2011,2,February,Feb,Q1,4,Thursday,Thu,24,9,201102,2011 Feb,20110224
40599,2011,2,February,Feb,Q1,5,Friday,Fri,25,9,201102,2011 Feb,20110225
40600,2011,2,February,Feb,Q1,6,Saturday,Sat,26,9,201102,2011 Feb,20110226
40601,2011,2,February,Feb,Q1,7,Sunday,Sun,27,9,201102,2011 Feb,20110227
40602,2011,2,February,Feb,Q1,1,Monday,Mon,28,10,201102,2011 Feb,20110228
40603,2011,3,March,Mar,Q1,2,Tuesday,Tue,1,10,201103,2011 Mar,20110301
40604,2011,3,March,Mar,Q1,3,Wednesday,Wed,2,10,201103,2011 Mar,20110302
40605,2011,3,March,Mar,Q1,4,Thursday,Thu,3,10,201103,2011 Mar,20110303
40606,2011,3,March,Mar,Q1,5,Friday,Fri,4,10,201103,2011 Mar,20110304
40607,2011,3,March,Mar,Q1,6,Saturday,Sat,5,10,201103,2011 Mar,20110305
40608,2011,3,March,Mar,Q1,7,Sunday,Sun,6,10,201103,2011 Mar,20110306
40609,2011,3,March,Mar,Q1,1,Monday,Mon,7,11,201103,2011 Mar,20110307
40610,2011,3,March,Mar,Q1,2,Tuesday,Tue,8,11,201103,2011 Mar,20110308
40611,2011,3,March,Mar,Q1,3,Wednesday,Wed,9,11,201103,2011 Mar,20110309
40612,2011,3,March,Mar,Q1,4,Thursday,Thu,10,11,201103,2011 Mar,20110310
40613,2011,3,March,Mar,Q1,5,Friday,Fri,11,11,201103,2011 Mar,20110311
40614,2011,3,March,Mar,Q1,6,Saturday,Sat,12,11,201103,2011 Mar,20110312
40615,2011,3,March,Mar,Q1,7,Sunday,Sun,13,11,201103,2011 Mar,20110313
40616,2011,3,March,Mar,Q1,1,Monday,Mon,14,12,201103,2011 Mar,20110314
40617,2011,3,March,Mar,Q1,2,Tuesday,Tue,15,12,201103,2011 Mar,20110315
40618,2011,3,March,Mar,Q1,3,Wednesday,Wed,16,12,201103,2011 Mar,20110316
40619,2011,3,March,Mar,Q1,4,Thursday,Thu,17,12,201103,2011 Mar,20110317
40620,2011,3,March,Mar,Q1,5,Friday,Fri,18,12,201103,2011 Mar,20110318
40621,2011,3,March,Mar,Q1,6,Saturday,Sat,19,12,201103,2011 Mar,20110319
40622,2011,3,March,Mar,Q1,7,Sunday,Sun,20,12,201103,2011 Mar,20110320
40623,2011,3,March,Mar,Q1,1,Monday,Mon,21,13,201103,2011 Mar,20110321
40624,2011,3,March,Mar,Q1,2,Tuesday,Tue,22,13,201103,2011 Mar,20110322
40625,2011,3,March,Mar,Q1,3,Wednesday,Wed,23,13,201103,2011 Mar,20110323
40626,2011,3,March,Mar,Q1,4,Thursday,Thu,24,13,201103,2011 Mar,20110324
40627,2011,3,March,Mar,Q1,5,Friday,Fri,25,13,201103,2011 Mar,20110325
40628,2011,3,March,Mar,Q1,6,Saturday,Sat,26,13,201103,2011 Mar,20110326
40629,2011,3,March,Mar,Q1,7,Sunday,Sun,27,13,201103,2011 Mar,20110327
40630,2011,3,March,Mar,Q1,1,Monday,Mon,28,14,201103,2011 Mar,20110328
40631,2011,3,March,Mar,Q1,2,Tuesday,Tue,29,14,201103,2011 Mar,20110329
40632,2011,3,March,Mar,Q1,3,Wednesday,Wed,30,14,201103,2011 Mar,20110330
40633,2011,3,March,Mar,Q1,4,Thursday,Thu,31,14,201103,2011 Mar,20110331
40817,2011,10,October,Oct,Q4,6,Saturday,Sat,1,40,201110,2011 Oct,20111001
40818,2011,10,October,Oct,Q4,7,Sunday,Sun,2,40,201110,2011 Oct,20111002
40819,2011,10,October,Oct,Q4,1,Monday,Mon,3,41,201110,2011 Oct,20111003
40820,2011,10,October,Oct,Q4,2,Tuesday,Tue,4,41,201110,2011 Oct,20111004
40821,2011,10,October,Oct,Q4,3,Wednesday,Wed,5,41,201110,2011 Oct,20111005
40822,2011,10,October,Oct,Q4,4,Thursday,Thu,6,41,201110,2011 Oct,20111006
40823,2011,10,October,Oct,Q4,5,Friday,Fri,7,41,201110,2011 Oct,20111007
40824,2011,10,October,Oct,Q4,6,Saturday,Sat,8,41,201110,2011 Oct,20111008
40825,2011,10,October,Oct,Q4,7,Sunday,Sun,9,41,201110,2011 Oct,20111009
40826,2011,10,October,Oct,Q4,1,Monday,Mon,10,42,201110,2011 Oct,20111010
40827,2011,10,October,Oct,Q4,2,Tuesday,Tue,11,42,201110,2011 Oct,20111011
40828,2011,10,October,Oct,Q4,3,Wednesday,Wed,12,42,201110,2011 Oct,20111012
40829,2011,10,October,Oct,Q4,4,Thursday,Thu,13,42,201110,2011 Oct,20111013
40830,2011,10,October,Oct,Q4,5,Friday,Fri,14,42,201110,2011 Oct,20111014
40831,2011,10,October,Oct,Q4,6,Saturday,Sat,15,42,201110,2011 Oct,20111015
40832,2011,10,October,Oct,Q4,7,Sunday,Sun,16,42,201110,2011 Oct,20111016
40833,2011,10,October,Oct,Q4,1,Monday,Mon,17,43,201110,2011 Oct,20111017
40834,2011,10,October,Oct,Q4,2,Tuesday,Tue,18,43,201110,2011 Oct,20111018
40835,2011,10,October,Oct,Q4,3,Wednesday,Wed,19,43,201110,2011 Oct,20111019
40836,2011,10,October,Oct,Q4,4,Thursday,Thu,20,43,201110,2011 Oct,20111020
40837,2011,10,October,Oct,Q4,5,Friday,Fri,21,43,201110,2011 Oct,20111021
40838,2011,10,October,Oct,Q4,6,Saturday,Sat,22,43,201110,2011 Oct,20111022
40839,2011,10,October,Oct,Q4,7,Sunday,Sun,23,43,201110,2011 Oct,20111023
40840,2011,10,October,Oct,Q4,1,Monday,Mon,24,44,201110,2011 Oct,20111024
40841,2011,10,October,Oct,Q4,2,Tuesday,Tue,25,44,201110,2011 Oct,20111025
40842,2011,10,October,Oct,Q4,3,Wednesday,Wed,26,44,201110,2011 Oct,20111026
40843,2011,10,October,Oct,Q4,4,Thursday,Thu,27,44,201110,2011 Oct,20111027
40844,2011,10,October,Oct,Q4,5,Friday,Fri,28,44,201110,2011 Oct,20111028
40845,2011,10,October,Oct,Q4,6,Saturday,Sat,29,44,201110,2011 Oct,20111029
40846,2011,10,October,Oct,Q4,7,Sunday,Sun,30,44,201110,2011 Oct,20111030
40847,2011,10,October,Oct,Q4,1,Monday,Mon,31,45,201110,2011 Oct,20111031
40848,2011,11,November,Nov,Q4,2,Tuesday,Tue,1,45,201111,2011 Nov,20111101
40849,2011,11,November,Nov,Q4,3,Wednesday,Wed,2,45,201111,2011 Nov,20111102
40850,2011,11,November,Nov,Q4,4,Thursday,Thu,3,45,201111,2011 Nov,20111103
40851,2011,11,November,Nov,Q4,5,Friday,Fri,4,45,201111,2011 Nov,20111104
40852,2011,11,November,Nov,Q4,6,Saturday,Sat,5,45,201111,2011 Nov,20111105
40853,2011,11,November,Nov,Q4,7,Sunday,Sun,6,45,201111,2011 Nov,20111106
40854,2011,11,November,Nov,Q4,1,Monday,Mon,7,46,201111,2011 Nov,20111107
40855,2011,11,November,Nov,Q4,2,Tuesday,Tue,8,46,201111,2011 Nov,20111108
40856,2011,11,November,Nov,Q4,3,Wednesday,Wed,9,46,201111,2011 Nov,20111109
40857,2011,11,November,Nov,Q4,4,Thursday,Thu,10,46,201111,2011 Nov,20111110
40858,2011,11,November,Nov,Q4,5,Friday,Fri,11,46,201111,2011 Nov,20111111
40859,2011,11,November,Nov,Q4,6,Saturday,Sat,12,46,201111,2011 Nov,20111112
40860,2011,11,November,Nov,Q4,7,Sunday,Sun,13,46,201111,2011 Nov,20111113
40861,2011,11,November,Nov,Q4,1,Monday,Mon,14,47,201111,2011 Nov,20111114
40862,2011,11,November,Nov,Q4,2,Tuesday,Tue,15,47,201111,2011 Nov,20111115
40863,2011,11,November,Nov,Q4,3,Wednesday,Wed,16,47,201111,2011 Nov,20111116
40864,2011,11,November,Nov,Q4,4,Thursday,Thu,17,47,201111,2011 Nov,20111117
40865,2011,11,November,Nov,Q4,5,Friday,Fri,18,47,201111,2011 Nov,20111118
40866,2011,11,November,Nov,Q4,6,Saturday,Sat,19,47,201111,2011 Nov,20111119
40867,2011,11,November,Nov,Q4,7,Sunday,Sun,20,47,201111,2011 Nov,20111120
40868,2011,11,November,Nov,Q4,1,Monday,Mon,21,48,201111,2011 Nov,20111121
40869,2011,11,November,Nov,Q4,2,Tuesday,Tue,22,48,201111,2011 Nov,20111122
40870,2011,11,November,Nov,Q4,3,Wednesday,Wed,23,48,201111,2011 Nov,20111123
40871,2011,11,November,Nov,Q4,4,Thursday,Thu,24,48,201111,2011 Nov,20111124
40872,2011,11,November,Nov,Q4,5,Friday,Fri,25,48,201111,2011 Nov,20111125
40873,2011,11,November,Nov,Q4,6,Saturday,Sat,26,48,201111,2011 Nov,20111126
40874,2011,11,November,Nov,Q4,7,Sunday,Sun,27,48,201111,2011 Nov,20111127
40875,2011,11,November,Nov,Q4,1,Monday,Mon,28,49,201111,2011 Nov,20111128
40876,2011,11,November,Nov,Q4,2,Tuesday,Tue,29,49,201111,2011 Nov,20111129
40877,2011,11,November,Nov,Q4,3,Wednesday,Wed,30,49,201111,2011 Nov,20111130
40878,2011,12,December,Dec,Q4,4,Thursday,Thu,1,49,201112,2011 Dec,20111201
40879,2011,12,December,Dec,Q4,5,Friday,Fri,2,49,201112,2011 Dec,20111202
40880,2011,12,December,Dec,Q4,6,Saturday,Sat,3,49,201112,2011 Dec,20111203
40881,2011,12,December,Dec,Q4,7,Sunday,Sun,4,49,201112,2011 Dec,20111204
40882,2011,12,December,Dec,Q4,1,Monday,Mon,5,50,201112,2011 Dec,20111205
40883,2011,12,December,Dec,Q4,2,Tuesday,Tue,6,50,201112,2011 Dec,20111206
40884,2011,12,December,Dec,Q4,3,Wednesday,Wed,7,50,201112,2011 Dec,20111207
40885,2011,12,December,Dec,Q4,4,Thursday,Thu,8,50,201112,2011 Dec,20111208
40886,2011,12,December,Dec,Q4,5,Friday,Fri,9,50,201112,2011 Dec,20111209
40513,2010,12,December,Dec,Q4,3,Wednesday,Wed,1,49,201012,2010 Dec,20101201
40514,2010,12,December,Dec,Q4,4,Thursday,Thu,2,49,201012,2010 Dec,20101202
40515,2010,12,December,Dec,Q4,5,Friday,Fri,3,49,201012,2010 Dec,20101203
40516,2010,12,December,Dec,Q4,6,Saturday,Sat,4,49,201012,2010 Dec,20101204
40517,2010,12,December,Dec,Q4,7,Sunday,Sun,5,49,201012,2010 Dec,20101205
40518,2010,12,December,Dec,Q4,1,Monday,Mon,6,50,201012,2010 Dec,20101206
40519,2010,12,December,Dec,Q4,2,Tuesday,Tue,7,50,201012,2010 Dec,20101207
40520,2010,12,December,Dec,Q4,3,Wednesday,Wed,8,50,201012,2010 Dec,20101208
40521,2010,12,December,Dec,Q4,4,Thursday,Thu,9,50,201012,2010 Dec,20101209
40522,2010,12,December,Dec,Q4,5,Friday,Fri,10,50,201012,2010 Dec,20101210
40523,2010,12,December,Dec,Q4,6,Saturday,Sat,11,50,201012,2010 Dec,20101211
40524,2010,12,December,Dec,Q4,7,Sunday,Sun,12,50,201012,2010 Dec,20101212
40525,2010,12,December,Dec,Q4,1,Monday,Mon,13,51,201012,2010 Dec,20101213
40526,2010,12,December,Dec,Q4,2,Tuesday,Tue,14,51,201012,2010 Dec,20101214
40527,2010,12,December,Dec,Q4,3,Wednesday,Wed,15,51,201012,2010 Dec,20101215
40528,2010,12,December,Dec,Q4,4,Thursday,Thu,16,51,201012,2010 Dec,20101216
40529,2010,12,December,Dec,Q4,5,Friday,Fri,17,51,201012,2010 Dec,20101217
40530,2010,12,December,Dec,Q4,6,Saturday,Sat,18,51,201012,2010 Dec,20101218
40531,2010,12,December,Dec,Q4,7,Sunday,Sun,19,51,201012,2010 Dec,20101219
40532,2010,12,December,Dec,Q4,1,Monday,Mon,20,52,201012,2010 Dec,20101220
40533,2010,12,December,Dec,Q4,2,Tuesday,Tue,21,52,201012,2010 Dec,20101221
40534,2010,12,December,Dec,Q4,3,Wednesday,Wed,22,52,201012,2010 Dec,20101222
40535,2010,12,December,Dec,Q4,4,Thursday,Thu,23,52,201012,2010 Dec,20101223
40536,2010,12,December,Dec,Q4,5,Friday,Fri,24,52,201012,2010 Dec,20101224
40537,2010,12,December,Dec,Q4,6,Saturday,Sat,25,52,201012,2010 Dec,20101225
40538,2010,12,December,Dec,Q4,7,Sunday,Sun,26,52,201012,2010 Dec,20101226
40539,2010,12,December,Dec,Q4,1,Monday,Mon,27,53,201012,2010 Dec,20101227
40540,2010,12,December,Dec,Q4,2,Tuesday,Tue,28,53,201012,2010 Dec,20101228
40541,2010,12,December,Dec,Q4,3,Wednesday,Wed,29,53,201012,2010 Dec,20101229
40542,2010,12,December,Dec,Q4,4,Thursday,Thu,30,53,201012,2010 Dec,20101230
40543,2010,12,December,Dec,Q4,5,Friday,Fri,31,53,201012,2010 Dec,20101231
